<?xml version="1.0" encoding="utf-8" ?>
<dwsync>
<file name="glyphicons-halflings-regular.eot" server="C:/xampp/htdocs/Practicas-Hoteles-y-Costas/" local="130661281880000000" remote="130661281880000000" Dst="2" />
<file name="glyphicons-halflings-regular.woff2" server="C:/xampp/htdocs/Practicas-Hoteles-y-Costas/" local="130661281880000000" remote="130661281880000000" Dst="2" />
<file name="glyphicons-halflings-regular.woff" server="C:/xampp/htdocs/Practicas-Hoteles-y-Costas/" local="130661281880000000" remote="130661281880000000" Dst="2" />
<file name="glyphicons-halflings-regular.ttf" server="C:/xampp/htdocs/Practicas-Hoteles-y-Costas/" local="130661281880000000" remote="130661281880000000" Dst="2" />
<file name="glyphicons-halflings-regular.eot" server="C:/xampp/htdocs/Newtourvis/" local="131920356579626249" remote="131920356570000000" Dst="2" />
<file name="glyphicons-halflings-regular.woff2" server="C:/xampp/htdocs/Newtourvis/" local="131920356582046387" remote="131920356580000000" Dst="2" />
<file name="glyphicons-halflings-regular.woff" server="C:/xampp/htdocs/Newtourvis/" local="131920356577046101" remote="131920356570000000" Dst="2" />
<file name="glyphicons-halflings-regular.ttf" server="C:/xampp/htdocs/Newtourvis/" local="131920356576986098" remote="131920356570000000" Dst="2" />
</dwsync>