<?xml version="1.0" encoding="utf-8" ?>
<dwsync>
<file name="jquery-1.11.1.js" server="C:/xampp/htdocs/Practicas-Hoteles-y-Costas/" local="130665892400000000" remote="130665892400000000" Dst="2" />
<file name="bootstrap.js" server="C:/xampp/htdocs/Practicas-Hoteles-y-Costas/" local="130551095480000000" remote="130551095480000000" Dst="2" />
<file name="jquery.metisMenu.js" server="C:/xampp/htdocs/Practicas-Hoteles-y-Costas/" local="130551095480000000" remote="130551095480000000" Dst="2" />
<file name="custom.js" server="C:/xampp/htdocs/Practicas-Hoteles-y-Costas/" local="130667733820000000" remote="130667733820000000" Dst="2" />
<file name="jquery-1.11.1.js" server="C:/xampp/htdocs/Newtourvis/" local="131920356592757000" remote="131920356590000000" Dst="2" />
<file name="bootstrap.js" server="C:/xampp/htdocs/Newtourvis/" local="131920356595027130" remote="131920356590000000" Dst="2" />
<file name="jquery.metisMenu.js" server="C:/xampp/htdocs/Newtourvis/" local="131920356593747057" remote="131920356590000000" Dst="2" />
<file name="custom.js" server="C:/xampp/htdocs/Newtourvis/" local="131920356592636993" remote="131920356590000000" Dst="2" />
</dwsync>